ID_Paciente,Variante_Genetica_A,Variante_Genetica_B,Respuesta_Tratamiento,Edad_Paciente,Sexo_Paciente,Indice_Masa_Corporal,Historial_Familiar,Tipo_Tratamiento,Tiempo_Tratamiento_Meses
1,T,A,8.748220955,79,Masculino,25.79536379,Sí,Inmunoterapia,20
2,G,T,22.73097363,57,Masculino,33.82095467,No,Inmunoterapia,21
3,A,G,31.43766161,24,Masculino,22.38418074,Sí,Inmunoterapia,12
4,A,T,17.47658764,25,Femenino,33.88557337,Sí,Cirugía,21
5,G,T,60.7094162,30,Femenino,28.52503377,Sí,Quimioterapia,6
6,T,C,41.3586415,18,Masculino,34.75256355,Sí,Quimioterapia,20
7,G,T,81.63515118,21,Femenino,18.55494572,No,Quimioterapia,1
8,T,T,18.51303983,69,Masculino,30.3278332,Sí,Inmunoterapia,16
9,G,A,70.18765298,33,Masculino,27.614422,Sí,Cirugía,3
10,A,T,24.03556248,85,Femenino,26.37120881,No,Cirugía,10
11,A,C,57.42190888,77,Masculino,22.40670814,No,Quimioterapia,7
12,T,A,34.89875972,84,Masculino,23.55612164,No,Cirugía,8
13,A,G,5.696439948,33,Femenino,22.24085751,Sí,Inmunoterapia,7
14,G,A,22.8813671,79,Femenino,21.72755448,Sí,Inmunoterapia,5
15,T,A,66.41025554,82,Femenino,31.59423424,Sí,Quimioterapia,9
16,A,C,49.72500934,37,Femenino,26.5407151,No,Inmunoterapia,1
17,C,G,51.90159841,62,Femenino,19.41422811,No,Cirugía,11
18,T,T,17.47201501,79,Femenino,31.20873126,Sí,Inmunoterapia,19
19,C,T,57.07158515,39,Femenino,27.07203429,No,Inmunoterapia,13
20,A,T,99.67534252,18,Femenino,30.56959238,No,Cirugía,12
21,C,A,81.68351088,81,Masculino,26.76169278,Sí,Radioterapia,6
22,T,A,59.43726238,19,Masculino,24.79908071,Sí,Cirugía,6
23,C,A,97.59890683,78,Femenino,34.7661953,Sí,Cirugía,3
24,A,C,90.15625847,40,Masculino,18.48012454,No,Quimioterapia,9
25,G,T,59.56079336,32,Masculino,33.85698644,Sí,Inmunoterapia,5
26,A,C,3.242632531,42,Masculino,33.82453445,No,Radioterapia,20
27,C,G,9.357709582,64,Femenino,24.6456181,No,Quimioterapia,20
28,A,G,6.537171504,50,Masculino,21.64590281,Sí,Quimioterapia,18
29,T,C,45.17331487,88,Femenino,28.52662606,Sí,Quimioterapia,3
30,C,A,37.54348332,72,Masculino,21.0255297,No,Inmunoterapia,8
31,C,T,97.53500343,42,Femenino,31.6545393,Sí,Inmunoterapia,17
32,A,G,16.79832932,53,Femenino,22.31687555,No,Cirugía,10
33,G,A,97.27875919,75,Masculino,22.94370464,No,Inmunoterapia,17
34,G,G,76.74748689,49,Femenino,33.57056843,No,Cirugía,18
35,T,T,82.42378396,57,Femenino,33.34958617,No,Cirugía,6
36,T,C,63.26158168,32,Femenino,27.10147516,Sí,Radioterapia,20
37,G,C,66.87327702,66,Femenino,32.66826267,Sí,Cirugía,22
38,C,A,47.68823335,31,Femenino,23.99305367,Sí,Inmunoterapia,1
39,A,C,1.313635692,37,Masculino,34.96403273,No,Radioterapia,19
40,C,G,35.30060855,33,Femenino,25.37272557,Sí,Cirugía,8
41,T,C,49.20718015,59,Masculino,23.0118042,No,Cirugía,13
42,T,C,73.00912111,53,Masculino,18.70676198,No,Quimioterapia,18
43,T,C,46.86283427,43,Masculino,34.82501821,Sí,Inmunoterapia,13
44,G,A,45.74049161,69,Femenino,25.90308973,No,Inmunoterapia,5
45,G,T,13.76627409,52,Femenino,30.48794524,No,Inmunoterapia,18
46,T,C,1.08887338,40,Femenino,28.89372961,No,Quimioterapia,6
47,C,G,75.82782605,51,Masculino,30.29258779,Sí,Inmunoterapia,12
48,T,A,31.99528381,79,Femenino,18.86888537,No,Radioterapia,11
49,T,A,98.43834502,25,Femenino,33.64077189,Sí,Quimioterapia,22
50,A,T,22.02342262,50,Femenino,33.7563007,No,Inmunoterapia,5
51,A,T,33.87080255,21,Masculino,27.38391546,No,Cirugía,21
52,T,T,52.38961357,85,Femenino,34.38657011,No,Inmunoterapia,12
53,A,A,75.48914571,75,Masculino,22.77624413,No,Radioterapia,15
54,A,C,46.38577839,64,Masculino,28.23649266,Sí,Cirugía,14
55,T,G,12.48225431,39,Masculino,24.73986573,Sí,Radioterapia,22
56,G,C,31.25013785,76,Femenino,28.67639494,No,Inmunoterapia,11
57,G,C,50.45191697,82,Femenino,23.1107489,No,Inmunoterapia,13
58,C,A,67.3849008,58,Masculino,31.92909254,No,Cirugía,4
59,T,C,77.01499563,80,Femenino,19.18636163,Sí,Cirugía,18
60,A,A,13.0335781,80,Masculino,18.7119187,No,Inmunoterapia,12
61,C,G,2.291513132,65,Femenino,18.83973854,Sí,Cirugía,5
62,G,G,51.90823222,45,Femenino,20.55773548,No,Radioterapia,2
63,G,G,80.99887107,89,Femenino,24.72095805,No,Inmunoterapia,17
64,C,G,1.260376703,60,Femenino,34.24162982,No,Cirugía,12
65,T,G,67.24698447,32,Femenino,19.88352247,Sí,Inmunoterapia,6
66,T,A,68.68082267,69,Masculino,29.00840076,Sí,Radioterapia,17
67,T,C,44.92467536,36,Masculino,26.96956564,No,Inmunoterapia,16
68,G,G,91.47886867,28,Masculino,24.0051209,Sí,Cirugía,10
69,A,T,64.43610848,53,Masculino,21.3693869,Sí,Quimioterapia,21
70,A,C,0.523983765,67,Femenino,21.75009939,No,Quimioterapia,20
71,T,C,48.44284455,22,Masculino,18.74496567,No,Quimioterapia,14
72,G,A,85.93178061,23,Femenino,30.12378754,Sí,Quimioterapia,23
73,A,C,83.039957,47,Masculino,29.11528339,No,Quimioterapia,16
74,C,T,64.91541971,71,Masculino,25.54408648,Sí,Inmunoterapia,2
75,A,C,67.36984239,47,Masculino,30.2219713,No,Radioterapia,2
76,A,A,57.84995798,56,Femenino,19.86959153,No,Inmunoterapia,7
77,T,C,27.41197752,72,Femenino,33.95822595,Sí,Cirugía,20
78,G,G,56.05299905,60,Masculino,32.40965406,Sí,Cirugía,22
79,T,A,67.17297848,82,Masculino,29.20360621,No,Quimioterapia,6
80,C,T,35.24296302,86,Masculino,24.44012987,No,Cirugía,1
81,G,A,85.58283673,62,Masculino,25.08163439,Sí,Cirugía,20
82,A,C,19.5037486,68,Femenino,26.19661668,No,Radioterapia,23
83,A,C,74.73208103,68,Masculino,33.89982409,Sí,Radioterapia,9
84,T,C,28.96027462,53,Masculino,32.68108023,No,Cirugía,12
85,G,T,77.37992872,33,Masculino,26.12470544,Sí,Radioterapia,6
86,C,C,42.77373293,57,Masculino,27.42681447,No,Inmunoterapia,7
87,G,C,80.76984091,20,Masculino,32.88186566,No,Cirugía,21
88,G,G,35.35348627,53,Masculino,34.13749537,No,Cirugía,4
89,C,T,21.36932376,33,Femenino,28.86614085,No,Inmunoterapia,23
90,T,A,76.72845084,33,Masculino,30.72484544,Sí,Inmunoterapia,18
91,A,G,30.86419476,84,Femenino,23.97762341,No,Inmunoterapia,2
92,C,T,73.32450677,52,Masculino,33.60648142,Sí,Inmunoterapia,10
93,T,G,74.44731531,36,Femenino,32.22478485,Sí,Inmunoterapia,19
94,G,T,22.13967009,36,Masculino,27.38494998,Sí,Quimioterapia,21
95,G,G,21.41121368,43,Masculino,32.74966256,Sí,Radioterapia,16
96,C,C,19.89479234,35,Femenino,32.44782198,Sí,Inmunoterapia,1
97,G,C,14.25183378,67,Femenino,31.74299306,Sí,Inmunoterapia,12
98,T,A,37.70825992,55,Femenino,20.22177801,Sí,Radioterapia,16
99,A,C,2.662788469,38,Femenino,27.11204377,Sí,Radioterapia,15
100,G,A,11.0920369,58,Masculino,33.31331295,Sí,Quimioterapia,22
101,T,A,67.45640238,70,Masculino,31.10414112,Sí,Cirugía,15
102,T,A,79.97765369,41,Masculino,25.15212438,No,Quimioterapia,16
103,G,C,8.052952713,36,Masculino,34.62396669,Sí,Cirugía,16
104,C,G,23.17023105,69,Masculino,22.26314366,No,Inmunoterapia,2
105,A,C,20.76256618,50,Femenino,23.67137389,Sí,Quimioterapia,13
106,A,A,91.73335631,55,Femenino,34.22140863,No,Quimioterapia,8
107,C,A,71.13145181,48,Masculino,31.74816092,Sí,Quimioterapia,20
108,C,G,55.38846111,58,Masculino,33.30578008,Sí,Cirugía,19
109,G,A,30.45179879,68,Masculino,18.19702302,No,Quimioterapia,22
110,G,T,83.48540476,86,Masculino,24.45599536,No,Cirugía,20
111,G,C,43.53059576,33,Masculino,22.00387326,No,Inmunoterapia,3
112,G,T,92.34562151,81,Masculino,23.03089588,Sí,Inmunoterapia,22
113,T,C,70.60518043,82,Femenino,30.54592344,No,Quimioterapia,22
114,G,A,47.8031308,38,Femenino,30.30944236,No,Inmunoterapia,3
115,G,T,12.62101037,72,Masculino,25.85058997,No,Radioterapia,2
116,A,G,97.60435505,41,Masculino,24.20966584,Sí,Quimioterapia,13
117,C,T,15.98336503,24,Femenino,27.93975742,No,Quimioterapia,22
118,C,T,20.26021252,42,Femenino,27.07303183,No,Radioterapia,6
119,C,T,43.11817552,18,Masculino,27.3598525,Sí,Inmunoterapia,15
120,A,T,40.42019058,66,Masculino,28.46311021,Sí,Quimioterapia,10
121,A,C,14.67514808,46,Masculino,24.72602063,No,Inmunoterapia,6
122,G,C,72.93189194,19,Femenino,31.1192142,No,Inmunoterapia,9
123,G,A,18.87450669,39,Femenino,22.27045412,No,Radioterapia,23
124,T,T,64.38956443,18,Femenino,29.14793305,Sí,Radioterapia,19
125,T,A,75.43059506,50,Masculino,34.32675152,No,Radioterapia,13
126,T,C,21.07323921,58,Femenino,18.06043093,Sí,Radioterapia,17
127,G,G,60.09542481,48,Femenino,30.29713775,Sí,Inmunoterapia,9
128,A,C,74.89283752,71,Masculino,19.85291558,No,Inmunoterapia,20
129,A,T,63.82187106,51,Masculino,27.24438736,No,Radioterapia,1
130,T,T,59.71273029,40,Femenino,28.65757228,Sí,Quimioterapia,21
131,T,C,29.54822857,21,Masculino,22.13010114,Sí,Inmunoterapia,18
132,C,A,73.16064712,52,Femenino,33.53534588,Sí,Radioterapia,11
133,A,A,94.530844,67,Masculino,28.57931299,No,Quimioterapia,17
134,T,T,42.55613903,88,Masculino,21.93880975,Sí,Cirugía,22
135,C,G,78.21818168,55,Masculino,31.09224719,No,Cirugía,7
136,C,A,5.614103966,51,Femenino,19.79362036,No,Inmunoterapia,22
137,A,T,83.52716025,30,Masculino,27.43883042,No,Cirugía,15
138,G,T,19.22500168,55,Masculino,19.61425319,Sí,Cirugía,21
139,T,A,39.50968689,83,Femenino,27.87672924,No,Inmunoterapia,14
140,G,A,30.00810459,24,Femenino,22.30066192,Sí,Inmunoterapia,16
141,G,A,8.010364381,21,Femenino,29.04093574,No,Radioterapia,2
142,T,C,90.46310029,50,Masculino,30.1690582,No,Radioterapia,7
143,A,G,37.01541776,62,Femenino,26.91115545,Sí,Cirugía,15
144,G,C,53.06974385,47,Femenino,29.17786393,No,Cirugía,19
145,A,A,49.41162659,64,Masculino,31.82599537,Sí,Quimioterapia,13
146,G,G,13.21611419,85,Femenino,31.72770862,Sí,Quimioterapia,16
147,A,C,20.64540589,84,Masculino,28.53459386,Sí,Inmunoterapia,2
148,C,A,7.618880903,46,Masculino,25.66874186,Sí,Radioterapia,14
149,A,C,50.79216999,75,Masculino,24.93514981,No,Radioterapia,8
150,G,A,26.15495518,61,Masculino,32.87070954,Sí,Radioterapia,20
151,G,A,35.70616089,38,Masculino,29.94983945,Sí,Quimioterapia,11
152,T,A,10.80653287,70,Masculino,21.14389538,Sí,Quimioterapia,9
153,A,T,78.75518397,49,Masculino,27.61744649,No,Inmunoterapia,16
154,T,G,10.65838768,43,Femenino,33.44973655,No,Inmunoterapia,10
155,A,A,98.57088237,81,Femenino,20.56172987,No,Quimioterapia,20
156,A,C,17.71611644,70,Masculino,32.37380048,No,Radioterapia,20
157,C,C,57.24051124,77,Femenino,31.94344193,No,Inmunoterapia,3
158,A,A,4.484533459,35,Masculino,26.48879872,Sí,Radioterapia,5
159,T,C,78.71162897,40,Masculino,18.63892548,Sí,Cirugía,23
160,C,C,18.96059478,72,Femenino,20.50754259,No,Radioterapia,3
161,G,G,52.79039784,31,Masculino,33.68485781,Sí,Inmunoterapia,22
162,A,T,74.00775432,48,Masculino,18.75063153,Sí,Inmunoterapia,3
163,T,A,14.99314849,41,Femenino,24.33247903,No,Quimioterapia,6
164,G,G,55.10871742,68,Femenino,28.52367379,Sí,Inmunoterapia,8
165,T,A,21.66172083,39,Masculino,21.34811666,Sí,Radioterapia,23
166,A,A,75.91960493,89,Femenino,34.67835587,Sí,Quimioterapia,12
167,C,G,72.29151936,21,Femenino,20.65157896,Sí,Inmunoterapia,15
168,A,A,17.65490343,41,Femenino,27.17454632,Sí,Cirugía,3
169,A,G,86.19665577,30,Masculino,28.50619251,Sí,Radioterapia,4
170,A,G,1.977509952,25,Femenino,21.92682913,No,Radioterapia,23
171,A,G,86.02369974,70,Femenino,25.92725282,No,Cirugía,11
172,T,A,55.89038112,48,Masculino,26.347145,No,Radioterapia,2
173,C,A,40.32204721,44,Masculino,31.0366604,Sí,Quimioterapia,7
174,A,C,75.8746931,26,Femenino,28.7827728,No,Inmunoterapia,12
175,T,G,71.69290017,57,Masculino,25.9483509,No,Quimioterapia,13
176,A,T,98.73261748,74,Femenino,29.33802323,No,Radioterapia,4
177,C,G,27.80850486,78,Femenino,25.70741625,No,Quimioterapia,9
178,G,T,0.379367241,43,Femenino,26.93709705,Sí,Radioterapia,16
179,T,T,93.39026083,83,Masculino,29.19565671,Sí,Radioterapia,14
180,C,A,85.78971045,45,Masculino,21.08032149,No,Inmunoterapia,8
181,A,G,72.88508775,36,Femenino,31.39684237,Sí,Quimioterapia,11
182,A,A,51.66887829,19,Masculino,28.24871074,No,Radioterapia,4
183,G,G,70.69562452,52,Masculino,34.66565905,Sí,Inmunoterapia,22
184,C,C,78.05295569,20,Femenino,21.78051429,Sí,Radioterapia,13
185,C,C,37.48759435,35,Masculino,25.92653006,Sí,Radioterapia,4
186,C,C,77.03225253,29,Masculino,33.22591064,Sí,Inmunoterapia,19
187,A,C,75.06243192,71,Femenino,28.22436796,Sí,Cirugía,11
188,T,C,61.32112115,77,Femenino,30.34130038,No,Radioterapia,12
189,C,C,40.1865924,29,Femenino,25.03239279,No,Inmunoterapia,23
190,C,C,69.73080193,21,Femenino,29.63326357,Sí,Radioterapia,6
191,C,C,0.311285783,18,Femenino,34.08293551,No,Quimioterapia,3
192,C,A,77.48966467,69,Masculino,21.40316312,No,Cirugía,6
193,G,C,89.64166025,50,Masculino,31.72520949,Sí,Inmunoterapia,19
194,G,T,23.93157074,23,Masculino,34.48214621,Sí,Inmunoterapia,2
195,A,C,12.07671843,29,Masculino,18.24766844,No,Quimioterapia,22
196,C,T,22.02839878,87,Masculino,21.65856297,Sí,Quimioterapia,22
197,G,C,30.20967313,27,Femenino,19.99540765,Sí,Quimioterapia,16
198,T,C,88.30285086,64,Masculino,31.0461998,Sí,Cirugía,12
199,T,G,54.31664302,50,Femenino,19.38068196,No,Cirugía,12
200,C,T,28.67116496,56,Masculino,34.9730305,No,Inmunoterapia,4
201,A,A,13.83546898,60,Femenino,24.62340427,No,Cirugía,21
202,C,A,29.01444631,81,Masculino,33.38844702,No,Quimioterapia,7
203,A,T,61.38710897,41,Femenino,21.20581926,Sí,Quimioterapia,23
204,C,T,32.41385299,58,Femenino,25.4948274,No,Inmunoterapia,2
205,T,G,45.73601817,81,Masculino,32.36180092,Sí,Inmunoterapia,2
206,T,C,44.4117107,81,Masculino,28.11958627,No,Inmunoterapia,1
207,T,T,82.81353607,49,Masculino,25.85668764,Sí,Cirugía,19
208,C,T,42.63481542,36,Masculino,26.71504569,Sí,Radioterapia,22
209,T,C,34.56988212,58,Masculino,27.75605396,Sí,Inmunoterapia,8
210,T,T,67.49716048,23,Masculino,25.48542653,No,Inmunoterapia,17
211,A,G,22.14820557,58,Masculino,21.29050228,No,Radioterapia,7
212,C,G,46.72458239,43,Masculino,19.93741794,No,Cirugía,15
213,A,T,31.47656873,86,Femenino,20.57087477,Sí,Cirugía,12
214,G,C,62.68556022,67,Femenino,18.89234639,No,Quimioterapia,5
215,T,G,87.73604747,64,Masculino,27.49749899,No,Quimioterapia,13
216,A,C,44.76890001,31,Masculino,32.41125724,Sí,Radioterapia,17
217,T,T,78.44574188,39,Masculino,24.10502876,Sí,Inmunoterapia,17
218,T,G,45.69657006,67,Masculino,19.28028483,No,Radioterapia,3
219,G,G,65.62293317,69,Masculino,25.237315,Sí,Quimioterapia,8
220,A,G,13.1840975,32,Femenino,28.23413325,No,Radioterapia,17
221,T,C,43.2981507,48,Femenino,25.23185891,No,Quimioterapia,12
222,G,T,90.93119887,28,Masculino,31.78226097,No,Radioterapia,13
223,T,G,60.5479001,22,Femenino,34.01206619,Sí,Radioterapia,18
224,T,G,76.67745872,25,Femenino,32.78848315,Sí,Quimioterapia,16
225,C,A,50.47006081,72,Femenino,29.96799147,Sí,Inmunoterapia,4
226,T,A,49.80556248,77,Femenino,25.99508172,No,Inmunoterapia,23
227,A,T,84.28998402,59,Masculino,29.60586673,Sí,Radioterapia,6
228,A,A,6.780693434,53,Femenino,18.22811128,No,Radioterapia,18
229,G,T,57.32722715,74,Masculino,34.70212801,No,Radioterapia,10
230,C,T,94.27625754,31,Femenino,20.92531464,Sí,Radioterapia,19
231,T,C,51.78600482,29,Masculino,33.40642673,Sí,Radioterapia,2
232,A,C,19.44658095,70,Masculino,31.72086833,Sí,Quimioterapia,10
233,G,G,84.79393924,84,Femenino,31.60237463,Sí,Radioterapia,10
234,G,C,25.16391424,39,Masculino,22.57191298,No,Cirugía,9
235,A,A,70.07260365,52,Femenino,21.7256147,Sí,Inmunoterapia,11
236,G,A,54.02609404,79,Masculino,25.28961178,No,Inmunoterapia,8
237,T,C,94.88362883,78,Masculino,32.43930871,No,Cirugía,2
238,C,A,62.43367024,26,Femenino,25.65645392,Sí,Inmunoterapia,20
239,G,C,83.7977962,45,Femenino,33.90214194,No,Cirugía,12
240,T,G,0.793287619,43,Masculino,23.99554856,No,Radioterapia,9
241,T,G,98.93400562,54,Femenino,28.52966682,Sí,Radioterapia,10
242,A,T,7.771457033,32,Femenino,34.67188362,No,Cirugía,11
243,T,C,32.21295136,21,Masculino,28.93886288,No,Inmunoterapia,4
244,A,A,94.61523955,61,Masculino,18.77346967,Sí,Quimioterapia,15
245,T,T,0.893910237,26,Masculino,25.88047055,Sí,Inmunoterapia,7
246,A,A,82.27300054,73,Femenino,23.69077284,No,Radioterapia,2
247,T,G,86.12116384,35,Masculino,27.04708632,No,Radioterapia,18
248,G,A,43.98308142,78,Femenino,22.84068555,Sí,Quimioterapia,8
249,T,C,25.57451938,50,Femenino,20.07844091,Sí,Inmunoterapia,18
250,T,T,80.26895196,45,Masculino,29.36091281,No,Quimioterapia,20
251,G,G,47.78620044,70,Femenino,29.58311583,Sí,Inmunoterapia,1
252,T,G,13.43386087,68,Masculino,32.7413681,Sí,Cirugía,12
253,A,C,92.78489928,44,Masculino,20.25048539,No,Radioterapia,16
254,C,G,89.5969967,55,Femenino,31.57654524,Sí,Radioterapia,20
255,T,A,49.154515,42,Femenino,32.05506855,Sí,Inmunoterapia,9
256,G,C,85.67024965,74,Femenino,28.99134891,No,Inmunoterapia,22
257,A,A,41.85780258,58,Femenino,21.48367648,No,Inmunoterapia,1
258,A,T,68.34649002,70,Femenino,22.44415214,No,Radioterapia,13
259,C,G,39.79906394,56,Femenino,25.1144459,Sí,Quimioterapia,9
260,T,G,50.57420175,37,Masculino,27.21058424,No,Radioterapia,8
261,G,G,18.95517028,62,Masculino,26.11644525,Sí,Inmunoterapia,21
262,A,A,96.49889241,38,Masculino,25.94681816,Sí,Cirugía,7
263,C,G,29.42156882,81,Masculino,32.27729207,No,Quimioterapia,2
264,C,A,10.34595561,39,Masculino,32.79174021,Sí,Cirugía,19
265,C,G,14.43154002,83,Masculino,31.88481739,No,Cirugía,4
266,A,A,1.409229419,86,Femenino,32.92262412,No,Inmunoterapia,15
267,T,A,71.59456995,36,Femenino,27.70714895,No,Quimioterapia,9
268,G,C,56.44983202,86,Femenino,34.38861427,Sí,Radioterapia,11
269,G,C,79.45783512,34,Masculino,28.31125392,No,Radioterapia,17
270,G,G,50.70799233,77,Masculino,28.2671116,Sí,Inmunoterapia,2
271,T,A,79.18210395,74,Masculino,23.42806153,No,Quimioterapia,12
272,T,C,69.57642143,62,Masculino,29.58047113,No,Inmunoterapia,20
273,T,C,77.78484769,53,Masculino,18.8834167,No,Radioterapia,12
274,C,T,40.6482869,57,Femenino,20.28728916,Sí,Quimioterapia,7
275,A,G,64.77706332,79,Masculino,20.21411685,Sí,Quimioterapia,19
276,G,G,17.97942977,50,Femenino,29.13842188,Sí,Radioterapia,14
277,A,T,32.18199634,85,Masculino,20.98065406,Sí,Quimioterapia,1
278,C,C,17.26046201,71,Masculino,23.799496,Sí,Quimioterapia,22
279,A,A,40.8637225,80,Masculino,18.75329815,Sí,Radioterapia,22
280,T,A,24.1418748,26,Femenino,21.97348412,Sí,Quimioterapia,12
281,A,T,40.69219941,52,Masculino,34.39181352,No,Radioterapia,17
282,G,C,97.52223424,51,Femenino,26.65536984,Sí,Cirugía,19
283,C,C,32.03193258,43,Femenino,20.56826681,No,Cirugía,11
284,G,C,98.2490945,85,Femenino,26.89114504,No,Quimioterapia,14
285,A,T,63.63061259,19,Masculino,34.03965953,Sí,Cirugía,14
286,C,T,37.50910184,26,Masculino,32.71666224,Sí,Radioterapia,8
287,C,C,85.74844991,45,Femenino,24.66511977,Sí,Inmunoterapia,1
288,A,A,61.95867394,47,Femenino,22.82574777,Sí,Cirugía,6
289,T,C,25.20330801,28,Femenino,30.94940767,No,Quimioterapia,15
290,G,G,79.2855678,79,Femenino,22.08823352,Sí,Cirugía,14
291,A,T,43.29385087,34,Masculino,22.32195003,Sí,Radioterapia,9
292,A,C,35.75111673,18,Femenino,19.42946802,No,Radioterapia,7
293,A,G,33.02769365,48,Masculino,32.69044961,No,Radioterapia,3
294,T,T,69.73688756,21,Femenino,25.61428157,Sí,Cirugía,23
295,C,T,26.86501239,82,Femenino,27.55036643,Sí,Radioterapia,2
296,G,T,80.82780137,56,Masculino,30.52408628,Sí,Cirugía,20
297,T,G,29.52887944,85,Femenino,31.54031074,Sí,Cirugía,15
298,A,G,54.41213836,48,Masculino,25.60763836,No,Inmunoterapia,3
299,A,C,48.79214918,39,Femenino,21.13016845,No,Radioterapia,6
300,G,G,85.53564126,44,Femenino,32.08845848,No,Inmunoterapia,9
301,A,G,88.83864344,28,Masculino,18.52696532,Sí,Radioterapia,7
302,T,A,18.43844424,87,Masculino,34.09438058,No,Radioterapia,16
303,C,A,58.53484589,51,Femenino,27.80862339,No,Radioterapia,11
304,A,G,89.8205046,54,Femenino,32.88160855,No,Cirugía,14
305,A,G,44.6117219,27,Masculino,28.34561243,Sí,Radioterapia,20
306,G,T,92.18683055,18,Femenino,22.27821293,Sí,Quimioterapia,19
307,C,G,27.89908905,73,Femenino,23.0342087,No,Quimioterapia,23
308,G,G,60.88311742,87,Femenino,27.0596835,No,Cirugía,3
309,C,G,68.24537098,28,Masculino,34.35532962,No,Radioterapia,11
310,G,C,22.82057334,21,Masculino,21.13642528,No,Quimioterapia,12
311,G,A,1.376751256,57,Femenino,26.66827243,Sí,Radioterapia,8
312,G,C,41.67239624,55,Masculino,23.84439776,Sí,Quimioterapia,18
313,C,C,93.84818919,34,Femenino,31.08533086,No,Radioterapia,12
314,G,G,34.30281098,43,Masculino,31.64873027,No,Inmunoterapia,19
315,C,T,77.97442955,64,Masculino,25.21751848,Sí,Radioterapia,10
316,G,T,17.47363128,25,Masculino,21.4700825,No,Cirugía,9
317,G,T,34.19528363,61,Femenino,19.14052083,Sí,Cirugía,16
318,T,G,14.45977208,18,Femenino,21.3770205,No,Inmunoterapia,20
319,G,G,71.67708141,74,Femenino,22.63081445,Sí,Cirugía,10
320,C,C,69.93076237,32,Femenino,28.1794116,No,Quimioterapia,7
321,A,C,68.84973179,73,Femenino,32.84241945,Sí,Radioterapia,19
322,G,T,25.33960345,73,Masculino,20.17992596,Sí,Inmunoterapia,15
323,C,G,69.23601216,70,Masculino,34.28920861,No,Cirugía,6
324,A,G,22.72975409,71,Femenino,29.61390435,Sí,Inmunoterapia,20
325,A,C,42.46491159,78,Masculino,30.61339201,No,Cirugía,20
326,A,C,37.19221217,18,Masculino,34.70897336,No,Quimioterapia,4
327,G,T,35.53079116,32,Femenino,25.07371313,Sí,Quimioterapia,4
328,G,G,5.765480724,78,Masculino,27.03691892,Sí,Cirugía,22
329,A,C,63.16466269,84,Masculino,29.54662015,Sí,Radioterapia,23
330,G,A,70.73166027,57,Femenino,26.71887742,Sí,Inmunoterapia,14
331,T,A,61.35886945,89,Femenino,23.08490986,No,Radioterapia,17
332,C,A,64.83127562,25,Masculino,19.79153944,No,Quimioterapia,22
333,C,T,16.99407142,34,Masculino,22.84384648,Sí,Inmunoterapia,8
334,G,G,14.94467989,84,Femenino,31.07049842,No,Radioterapia,18
335,G,A,51.41750435,79,Masculino,28.89330598,No,Inmunoterapia,7
336,T,C,87.53327264,87,Femenino,31.62262195,No,Quimioterapia,14
337,G,A,18.39534415,68,Masculino,26.79104904,No,Inmunoterapia,12
338,G,A,46.28391187,76,Femenino,21.94570037,Sí,Inmunoterapia,21
339,T,T,42.8932334,32,Femenino,28.67535276,Sí,Radioterapia,7
340,G,C,49.72891859,30,Masculino,23.16809333,No,Radioterapia,2
341,A,G,16.15107705,29,Femenino,18.50198866,No,Inmunoterapia,10
342,C,G,34.24406411,52,Femenino,33.35663001,No,Radioterapia,7
343,C,A,26.18804041,24,Femenino,25.14628267,Sí,Radioterapia,22
344,C,C,84.45269432,87,Femenino,25.24422327,No,Radioterapia,14
345,A,A,80.03322458,62,Masculino,30.6012795,Sí,Radioterapia,9
346,C,C,42.66391583,88,Masculino,34.12379287,No,Cirugía,10
347,C,A,60.70154608,30,Masculino,19.23276398,No,Quimioterapia,23
348,T,T,14.54656103,64,Femenino,20.9359185,Sí,Inmunoterapia,19
349,A,A,50.96132942,25,Femenino,23.48007732,Sí,Radioterapia,17
350,A,A,29.69470858,47,Masculino,22.22321219,Sí,Radioterapia,7
351,A,T,85.96509536,78,Femenino,26.42341468,Sí,Quimioterapia,3
352,A,C,67.15983809,64,Femenino,32.01581338,No,Cirugía,5
353,C,C,63.34740126,65,Femenino,32.51753105,No,Inmunoterapia,2
354,T,C,12.47513001,63,Femenino,28.12910901,No,Quimioterapia,20
355,G,T,47.05878795,54,Masculino,22.08295348,No,Radioterapia,7
356,G,A,98.65727796,57,Femenino,21.1703757,Sí,Radioterapia,8
357,T,G,94.82991741,55,Masculino,30.63763871,No,Quimioterapia,22
358,A,A,64.50856403,24,Femenino,22.03263898,Sí,Radioterapia,16
359,C,C,15.1724871,61,Femenino,27.17134515,No,Inmunoterapia,18
360,C,C,63.91268487,76,Masculino,30.73777338,Sí,Quimioterapia,7
361,T,T,56.56621125,19,Masculino,21.88023478,No,Inmunoterapia,21
362,C,G,46.86658377,47,Femenino,20.96652019,No,Radioterapia,7
363,T,G,42.80374695,66,Femenino,18.67550667,No,Radioterapia,15
364,C,T,59.92697557,73,Femenino,20.50867024,Sí,Radioterapia,15
365,T,A,84.99698885,63,Masculino,32.47446142,No,Radioterapia,9
366,C,A,75.11210404,26,Masculino,19.7788105,No,Radioterapia,5
367,A,A,57.93605403,52,Femenino,21.80196577,Sí,Radioterapia,9
368,A,T,92.47041815,47,Masculino,18.5568724,Sí,Radioterapia,6
369,C,A,6.473998344,18,Femenino,29.4980628,Sí,Cirugía,14
370,C,T,99.13465087,37,Femenino,21.9389534,No,Quimioterapia,3
371,A,A,5.299454267,22,Femenino,25.0310592,No,Radioterapia,8
372,T,G,19.94955461,89,Masculino,20.36811991,No,Cirugía,20
373,C,G,42.27526616,19,Femenino,24.41269389,No,Inmunoterapia,4
374,A,C,10.75088762,26,Masculino,25.21543693,Sí,Radioterapia,7
375,C,T,62.3670411,44,Femenino,26.04040418,No,Inmunoterapia,1
376,G,C,4.799256405,58,Femenino,25.18831082,Sí,Quimioterapia,13
377,A,G,28.4623881,50,Femenino,19.74686159,Sí,Radioterapia,14
378,G,C,6.103668112,88,Masculino,31.13386453,Sí,Radioterapia,8
379,T,A,70.35193311,25,Femenino,20.33250206,No,Cirugía,21
380,A,T,66.84561676,56,Masculino,25.21297036,Sí,Inmunoterapia,20
381,A,T,37.85805933,47,Masculino,22.62325391,Sí,Inmunoterapia,9
382,G,C,18.819426,21,Femenino,23.11713503,No,Cirugía,12
383,G,G,74.7004829,68,Femenino,29.43115313,No,Cirugía,1
384,C,C,34.03792908,34,Masculino,26.8023743,Sí,Cirugía,20
385,G,A,79.53011674,67,Masculino,21.23147986,Sí,Cirugía,11
386,A,T,48.79009392,60,Femenino,25.97528548,Sí,Radioterapia,9
387,G,C,52.56694444,88,Masculino,23.77219477,No,Quimioterapia,8
388,C,A,2.849084949,26,Femenino,29.97645237,No,Inmunoterapia,9
389,G,T,64.42320199,49,Masculino,21.84361844,No,Radioterapia,13
390,T,C,35.06565024,43,Masculino,32.36479834,No,Quimioterapia,14
391,C,T,22.92050273,52,Femenino,26.9459043,Sí,Quimioterapia,6
392,A,A,43.38833762,72,Masculino,26.51053274,No,Radioterapia,6
393,G,G,38.24674573,88,Femenino,22.31265872,Sí,Radioterapia,18
394,A,A,46.97890401,23,Masculino,21.16464639,No,Quimioterapia,12
395,A,G,97.94833542,81,Femenino,26.02092407,Sí,Radioterapia,13
396,A,T,36.43780704,42,Femenino,34.6910151,No,Cirugía,6
397,C,T,77.44101333,64,Masculino,20.25940604,No,Quimioterapia,14
398,C,G,55.27675965,38,Masculino,22.81886135,Sí,Quimioterapia,20
399,G,T,88.91310891,40,Masculino,31.61089996,Sí,Inmunoterapia,1
400,G,T,35.49528511,18,Femenino,29.30120727,Sí,Quimioterapia,23
401,A,T,24.55186802,87,Masculino,22.73889295,No,Inmunoterapia,3
402,C,A,91.10192397,40,Masculino,23.34900932,Sí,Cirugía,19
403,T,C,4.353426376,45,Masculino,25.13912032,No,Inmunoterapia,23
404,G,T,95.07534281,43,Masculino,28.24737496,No,Inmunoterapia,4
405,T,G,55.64069157,82,Masculino,30.22875904,Sí,Radioterapia,3
406,T,C,37.63632167,63,Femenino,32.57410567,No,Quimioterapia,3
407,A,A,99.50523223,56,Masculino,29.578895,Sí,Quimioterapia,5
408,T,T,5.836264615,75,Masculino,22.0286951,Sí,Quimioterapia,17
409,C,T,51.67063598,70,Femenino,33.7372491,Sí,Inmunoterapia,15
410,T,C,3.109707546,70,Masculino,31.28032181,Sí,Quimioterapia,9
411,C,G,57.11757392,50,Masculino,23.22548517,Sí,Inmunoterapia,14
412,C,T,18.0468509,87,Femenino,23.18441591,No,Cirugía,15
413,T,T,63.09592003,23,Masculino,32.97986141,Sí,Inmunoterapia,1
414,A,C,98.09236758,51,Femenino,20.14333417,No,Quimioterapia,23
415,T,C,87.49025512,82,Masculino,28.76883418,Sí,Inmunoterapia,19
416,C,A,45.18362494,71,Femenino,22.72111645,Sí,Inmunoterapia,21
417,G,G,70.84608701,71,Femenino,32.06240553,Sí,Inmunoterapia,11
418,C,C,77.746875,71,Femenino,24.19689861,No,Radioterapia,21
419,A,G,49.48430842,30,Femenino,30.46722361,No,Radioterapia,14
420,A,G,52.85334902,51,Femenino,21.27110414,No,Radioterapia,20
421,A,G,15.07843984,69,Masculino,26.18458026,No,Quimioterapia,9
422,G,C,36.93999256,73,Femenino,31.66110865,Sí,Cirugía,6
423,C,G,14.22212531,72,Femenino,24.7487996,Sí,Cirugía,3
424,A,A,72.68937533,30,Femenino,20.74675868,Sí,Radioterapia,13
425,G,C,47.70129944,28,Femenino,29.03269779,Sí,Radioterapia,18
426,G,A,44.88788367,89,Masculino,30.8065387,No,Radioterapia,3
427,G,T,88.59979712,47,Femenino,22.7632748,Sí,Inmunoterapia,6
428,T,T,52.76187723,30,Femenino,25.67315164,Sí,Cirugía,12
429,G,A,40.90908319,81,Masculino,33.30763151,No,Cirugía,10
430,A,T,26.88920222,25,Femenino,32.82375573,No,Inmunoterapia,12
431,C,C,7.201203517,88,Masculino,30.02218937,Sí,Radioterapia,9
432,C,A,41.81361337,81,Femenino,28.04531019,Sí,Cirugía,14
433,G,G,2.575348241,82,Femenino,31.8954986,No,Quimioterapia,20
434,A,A,29.11539406,62,Femenino,33.42995898,No,Quimioterapia,21
435,T,A,50.35095098,87,Masculino,18.04262851,No,Cirugía,14
436,T,A,96.5933065,52,Femenino,24.75287203,Sí,Radioterapia,19
437,C,T,10.93829142,32,Femenino,27.54396462,Sí,Inmunoterapia,16
438,T,A,67.30410542,77,Masculino,30.47669332,Sí,Cirugía,5
439,G,A,49.99323711,51,Masculino,19.48703696,Sí,Radioterapia,14
440,C,T,77.70982293,42,Masculino,24.79583479,Sí,Quimioterapia,22
441,A,A,14.36069979,21,Masculino,22.75356005,No,Inmunoterapia,2
442,T,T,8.320263644,59,Masculino,25.1996709,Sí,Cirugía,9
443,T,T,39.92186054,48,Masculino,26.46563676,Sí,Cirugía,21
444,A,G,79.6962252,40,Masculino,29.2202588,No,Radioterapia,14
445,T,C,19.16757389,71,Masculino,26.43601436,No,Radioterapia,14
446,G,G,76.77771921,54,Femenino,28.54795941,Sí,Inmunoterapia,20
447,G,C,29.02979971,24,Femenino,27.90147765,Sí,Quimioterapia,16
448,T,A,21.68914876,56,Femenino,25.28165077,Sí,Radioterapia,1
449,C,C,1.671558908,49,Femenino,18.0845982,Sí,Cirugía,2
450,G,T,39.86590599,80,Masculino,21.30677904,Sí,Cirugía,18
451,C,A,38.10814913,65,Femenino,23.44351312,Sí,Cirugía,2
452,A,T,65.93449362,80,Femenino,20.49862814,No,Quimioterapia,3
453,C,T,7.091840047,52,Femenino,28.17728599,Sí,Quimioterapia,9
454,A,A,15.2603987,89,Femenino,28.3954911,Sí,Inmunoterapia,4
455,C,C,1.65758829,60,Masculino,26.50158541,Sí,Inmunoterapia,20
456,G,G,11.37963564,38,Masculino,23.45443133,No,Cirugía,13
457,A,C,65.1789276,68,Femenino,29.10538688,No,Radioterapia,5
458,C,T,40.26568522,40,Femenino,21.23481921,Sí,Quimioterapia,9
459,C,T,32.10263142,20,Masculino,18.09997668,Sí,Quimioterapia,14
460,A,A,55.79119942,81,Masculino,30.49401432,Sí,Quimioterapia,13
461,G,A,99.34604631,18,Femenino,25.53956531,Sí,Radioterapia,15
462,C,T,83.4486514,23,Femenino,29.86330815,No,Cirugía,14
463,A,C,69.96231824,70,Masculino,21.14573694,No,Quimioterapia,3
464,G,C,91.82585891,27,Femenino,19.06453663,Sí,Radioterapia,7
465,C,T,3.972870668,29,Masculino,24.42784598,No,Inmunoterapia,5
466,G,G,7.033344162,58,Femenino,29.83194068,No,Cirugía,12
467,G,G,47.400629,79,Masculino,19.74791225,Sí,Quimioterapia,5
468,A,G,34.9167413,20,Femenino,21.32918197,Sí,Cirugía,2
469,T,G,93.72520621,40,Femenino,25.71719506,No,Quimioterapia,20
470,C,T,48.95649611,65,Femenino,28.55953622,No,Cirugía,23
471,T,G,53.96491101,47,Femenino,30.75211222,No,Inmunoterapia,5
472,A,G,89.52603657,19,Femenino,19.86549536,No,Quimioterapia,19
473,G,A,44.66350458,19,Femenino,28.61860132,No,Quimioterapia,10
474,C,G,87.70343893,70,Femenino,24.58512888,No,Inmunoterapia,3
475,C,T,25.35817494,82,Masculino,29.39153627,Sí,Cirugía,20
476,C,C,27.38097042,80,Femenino,21.46052642,Sí,Quimioterapia,17
477,A,G,32.83613901,66,Femenino,26.97461956,Sí,Inmunoterapia,10
478,T,T,54.75642705,54,Femenino,20.92676343,No,Cirugía,15
479,C,G,22.0128674,67,Masculino,18.3175771,Sí,Cirugía,16
480,G,A,67.14291711,32,Femenino,26.27815419,Sí,Quimioterapia,15
481,T,C,14.27932828,39,Masculino,21.1310222,Sí,Quimioterapia,13
482,T,C,9.41002745,50,Femenino,28.85183661,No,Cirugía,23
483,T,A,87.01917462,89,Femenino,27.12177193,No,Radioterapia,11
484,T,C,23.68687036,18,Masculino,31.17407146,No,Quimioterapia,20
485,A,C,38.6004011,64,Femenino,24.68031834,Sí,Inmunoterapia,1
486,T,C,57.15420927,42,Masculino,34.82068622,Sí,Inmunoterapia,11
487,C,T,52.580197,55,Masculino,26.75864983,Sí,Inmunoterapia,22
488,T,A,7.602387944,34,Masculino,26.13999782,No,Inmunoterapia,8
489,A,T,87.41259356,70,Masculino,30.740522,Sí,Cirugía,22
490,A,A,95.11356184,86,Masculino,27.73570099,Sí,Radioterapia,12
491,C,C,81.25073042,25,Femenino,24.16191039,No,Radioterapia,5
492,C,G,28.38018349,78,Masculino,26.31716135,No,Radioterapia,18
493,G,T,52.78467961,27,Masculino,21.21535237,Sí,Inmunoterapia,23
494,T,A,33.9416724,52,Masculino,24.69091804,No,Quimioterapia,12
495,A,A,55.46673108,81,Femenino,18.50934979,No,Radioterapia,18
496,A,A,97.44034689,84,Masculino,25.86299403,Sí,Inmunoterapia,21
497,A,A,31.17029177,86,Masculino,22.66605992,Sí,Radioterapia,17
498,C,C,66.87966059,31,Masculino,26.95416963,No,Inmunoterapia,16
499,G,C,32.59672073,84,Femenino,18.49762606,No,Cirugía,22
500,C,C,77.4477266,18,Femenino,27.43647503,Sí,Radioterapia,23
